NO,KECAMATAN,PUSKESMAS / KELURAHAN,ALAMAT,KONDISI BAIK,KONDISI KURANG BAIK,KETERANGAN
1,BANTARGEBANG,BANTAR GEBANG,Jl. Raya Narogong Km 11 Rt.001 Rw 008 Kel. Bantar Gebang Kec.Bantar Gebang,√,,
2,BANTARGEBANG,CIKETING UDIK,"Jl. Ciketing Udik, RT.001/RW.003, Ciketing Udik, Bantargebang",√,,
3,BANTARGEBANG,SUMUR BATU,Jl. Raya Sumur Batu - Pangkalan 2 No.1 Kel. Sumur Batu Kec. Bantargebang,√,,
4,BANTARGEBANG,CIKIWUL,,,,akan dibangun tahun 2021
5,BEKASI BARAT,BINTARA,"Jl. Bintara VIII No. 89, Kec. Bekasi Barat",,√,
6,BEKASI BARAT,BINTARA JAYA,"Jl. Tambora No. 1, Kec. Bekasi Barat",√,,
7,BEKASI BARAT,JAKASAMPURNA,,,,belum ada gedung
8,BEKASI BARAT,KOTA BARU,Jl. Melinjo Perum Harapan Baru Kec. Bekasi Barat,√,,
9,BEKASI BARAT,KRANJI,"Jl. Sakura Perum Duta Kranji, Kec. Bekasi Barat",√,,
10,BEKASI SELATAN,JAKA MULYA,Jl. Surya Merdeka No. 1 Perum Pondok Surya Md Kec. Bekasi Selatan,,√,
11,BEKASI SELATAN,JAKA SETIA,"Jl.Perum Jaka Kencana RT.04/04, Kel.Jaka Setia, Kec.Bekasi Selatan",√,,
12,BEKASI SELATAN,KAYURINGIN JAYA,"Jalan Belut Raya No.1, Kayuringin Jaya, Bekasi Selatan, RT.001/RW.006, Kayuringin Jaya",√,,
13,BEKASI SELATAN,MARGA JAYA,"Jl. Rawa Tembaga IV No. 2, Kec. Bekasi Selatan",√,,
14,BEKASI SELATAN,PEKAYON JAYA,"Jl. Pulo Ribung jaya No. 2, Kec. Bekasi Selatan",√,,
15,BEKASI TIMUR,AREN JAYA,"Jl. Melinjo No. 13, Kec. Bekasi Timur",√,,
16,BEKASI TIMUR,BEKASI JAYA,"Jl.Mekar Sari, Kelurahan Bekasi Jaya, Kecamatan Bekasi Timur.",√,,
17,BEKASI TIMUR,DUREN JAYA,"Jl. P. Jawa Raya, Kec. Bekasi Timur",√,,
18,BEKASI TIMUR,KARANG KITRI,"Jl. Khairil Anwar No. 111, Kec. Bekasi timur",√,,
19,BEKASI UTARA,HARAPAN BARU,Ruko D'Smart Perumahan Telaga Mas Blok 1 No.29-30 Kel. Harapan Baru Kec. Bekasi,√,,
20,BEKASI UTARA,SEROJA,"JL. Delima No. 20-21 Kel. Harapan Jaya, Kec. Bekasi Utara",,√,
21,BEKASI UTARA,KALIABANG TENGAH,"Jl. Anyer III Blok D Perum Pondok Surya Mandala, Kec. Bekasi Utara",√,,
22,BEKASI UTARA,MARGA MULYA,"Jl. Perjuangan No. 1, Kec. Bekasi Utara",√,,
23,BEKASI UTARA,PERWIRA,"Jl.Pangkalan V RT.01/03, Kel.Ciketing Udik, Kec.Bantar Gebang.",√,,
24,BEKASI UTARA,TELUK PUCUNG,"Jl. Penuangan No. 1, Kec. Bekasi Utara",√,,
25,JATIASIH,JATI ASIH,"Jl. Raya Swatantra IV No. 1, Kec. Jati Asih",√,,
26,JATIASIH,JATIKRAMAT,"Jl. Mawar, Kel. Jatikramat Kec. Jatiasih",√,,
27,JATIASIH,JATI LUHUR,"Jl. H. Dehir Kp. Pedurenan RT 07 Rw 02, Kec. Jati Asih",√,,
28,JATIASIH,JATI MEKAR,"Jl. Raya Kodau , Kel. Jatimekar, Kec. Jatiasih",√,,
29,JATIASIH,JATIRASA,,,,belum ada gedung
30,JATIASIH,JATISARI,,,,belum ada gedung
31,JATISAMPURNA,JATIKARYA,Jl. Sasak Cempling RT.2/10 Kel. Jati Karya Kec. Jati Sampurna,√,,
32,JATISAMPURNA,JATIRADEN,,,,belum ada gedung
33,JATISAMPURNA,JATIRANGGA,,,,usulan Renja TA. 2022
34,JATISAMPURNA,JATIRANGGON,"Komplek Kelurahan Jati Ranggon , Kecamatan Jati Sampurna",,√,
35,JATISAMPURNA,JATISAMPURNA,,,,belum ada gedung
36,MEDAN SATRIA,HARAPAN MULYA,Jl. Pangeran Jayakarta RT.04/08 Kel. Harapan Mulya Kec. Medan Satria,√,,
37,MEDAN SATRIA,KALIBARU,"Jl.Rawa Bakti 2 RT 003/05 Kel.Kalibaru,Kec,Medan Satria.",√,,
38,MEDAN SATRIA,MEDAN SATRIA,"Jl. Harapan Indah No. 1 RT.03/07 Kel. Medan Satria, Kec. Medan Satria",√,,
39,MEDAN SATRIA,PEJUANG,"Jl. Bungur Raya No. 2 Pejuang, Kec. Medan Satria",√,,
40,MUSTIKA JAYA,CIMUNING,Jl. Raya Bantargebang-Setu RT.002 RW.001 No.5 Kel. Cimuning Kec. Bantargebang,,√,
41,MUSTIKA JAYA,MUSTIKA JAYA,"Jl. Kota Legenda Mustika Jaya, Kec. Mustika Jaya",√,,
42,MUSTIKA JAYA,MUSTIKA SARI,Jl. Mandor Demong Kel. Mustikasari Kec. Mustikajaya,,√,
43,MUSTIKA JAYA,PEDURENAN,"Jl.Kelapa Dua RT.07/09, Kel.Pedurenan, Kec.Mustika Jaya.",√,,
44,PONDOK GEDE,JATIBENING,"Jl. Raya pondok Cikunir Indah, Kec. Pondok Gede",√,,
45,PONDOK GEDE,JATI BENING BARU,Jl. Raya Jati Utama Blok N Perumahan Jatibening II Kel. Jatibening Baru Kec. Pondok Gede,√,,
46,PONDOK GEDE,JATICEMPAKA,,,,usulan Renja TA. 2022
47,PONDOK GEDE,JATIMAKMUR,"Jl. Raya Klayan Komp. Jatiwaringin Asri, Kec. Pondok Gede",√,,
48,PONDOK GEDE,JATIWARINGIN,Jl. Masjid Nurul Ihsan Rt.001 Rw.001 Kel. Jatiwaringin Kec. Pondok Gede,,,belum ada gedung
49,PONDOK MELATI,JATIMELATI,,,,usulan Renja TA. 2022
50,PONDOK MELATI,JATIMURNI,,,,usulan Renja TA. 2022
51,PONDOK MELATI,JATIRAHAYU,"Jl. Poris Raya Komp TVRI, Kec. Pondok Melati",,√,lanjutan pembangunan tahun 2021
52,PONDOK MELATI,JATIWARNA,"Jl. Pelita Utama Komp PMI Ps, Kec.api Jatiwarna, Kec. Pondok Melati",√,,
53,RAWALUMBU,BOJONG MENTENG,"Jl. Perjuangan No.1 Bojong Menteng, Kec. Rawa Lumbu",√,,
54,RAWALUMBU,BOJONG RAWA LUMBU,"Jl. Trisatya Raya Jembatan 4-5 Perum Bumi, Kec. Rawa Lumbu",√,,
55,RAWALUMBU,PENGASINAN,"Jl. Narogong raya Perumahan Narogong Indah, Kec. Rawa Lumbu",√,,
56,RAWALUMBU,SEPANJANG JAYA,,,,belum ada gedung