[{"id":"60c1ef00-c0b0-4d1e-a6c3-b032619f646b","path":"/init.ipynb"},{"id":"db8556c8-3fb9-40c2-ba4a-212898e79c71","path":"/notebook.ipynb"},{"id":"3a491b2a-1a16-4111-8831-4e5c9f75edbb","path":"/requirements.txt"},{"id":"c966a1a9-35e8-4038-a818-899a396e0600","path":"/PetaBencana.csv"},{"id":"60c55a80-a3d7-4b62-97a5-2fe0610853d6","path":"/PetaBencana_Convert.csv"},{"id":"d94bb89a-344a-43ff-a5d9-e2644de48bb7","path":"/D:\tan45\tan45.xlsx"},{"id":"49433b11-1b04-48ae-8d7a-23112eaa92f6","path":"/Puskesmas Bekasi.csv"},{"id":"42c6039a-59f5-4aa3-aecc-35f2a8b36151","path":"/Puskesmas Jakarta.csv"},{"id":"f8763b6a-d9a8-4631-aa4d-1c5a46be6f2a","path":"/folder/Puskesmas.csv"}]